<project name="ExplorerCat" default="create-war" basedir="../.." >
	
	<property name="project-name" value="ExplorerCat" />
	<property name="builder" value="MalariaTeam" />
	<property name="war-file-name" value="${project-name}.war" />
	<property name="source-directory" value="src" />
	<property name="classes-directory" value="${basedir}/build/classes" />
	<property name="web-directory" value="${basedir}/WebContent" />
	<property name="web-xml-file" value="${basedir}/WebContent/WEB-INF/web.xml" />
	<tstamp prefix="build-info">
		<format property="current-date" pattern="d-MMMM-yyyy" locale="en" />
		<format property="current-time" pattern="hh:mm:ss a z" locale="en" />
	</tstamp>
	<property name="build-directory" value="${basedir}/target" />
	
	<target name="create-war">
		<delete dir="${build-directory}" />
		<mkdir dir="${build-directory}" />
		<delete file="${build-directory}/${war-file-name}" />
		<war warfile="${build-directory}/${war-file-name}" webxml="${web-xml-file}">
			<classes dir="${classes-directory}" />
			<fileset dir="${web-directory}">
				<!--Need to exclude it since webxml is an attribute of the war tag above-->
				<exclude name="WEB-INF/web.xml" />
			</fileset>
			<manifest>
				<attribute name="Class-Path" value="" />
				<attribute name="Built-By" value="${builder}" />
				<attribute name="Built-On" value="${build-info.current-date}" />
				<attribute name="Built-At" value="${build-info.current-time}" />
			</manifest>
		</war>
		<echo message="===== EXPLORERCAT.WAR TASK COMPLETED =====" />
	</target>
</project>